{
  "n_folds": 8,
  "n_samples": 504,
  "aggregate": {
    "vol_qlike": {
      "mean": -3.3310812821060707,
      "std": 5.1094218550235775
    },
    "vol_ql": {
      "mean": 0.5896195370360877,
      "std": 0.7782480648972204
    },
    "vol_mape": {
      "mean": 0.7542953944343959,
      "std": 1.0670560060400573
    },
    "vol_r2": {
      "mean": -124.54267498173154,
      "std": 348.848457901576
    },
    "vol_bias": {
      "mean": -0.005447924488409106,
      "std": 0.05224024517175973
    },
    "vol_rmse": {
      "mean": 0.038885923213791404,
      "std": 0.04438774415467812
    },
    "vol_n": {
      "mean": 63.0,
      "std": 0.0
    },
    "clf_brier_score": {
      "mean": 0.16397523270845282,
      "std": 0.16423485977571411
    },
    "clf_regime_accuracy": {
      "mean": 0.4722222222222222,
      "std": 0.2993412003567243
    },
    "clf_regime_calibration": {
      "mean": 0.14618524542840716,
      "std": 0.06364935145953904
    },
    "clf_tail_auc": {
      "mean": 0.5487808818165961,
      "std": 0.27462196186544585
    },
    "clf_regime_acc_bull_quiet": {
      "mean": 0.5414211560044894,
      "std": 0.42793722888544644
    },
    "clf_n_bull_quiet": {
      "mean": 32.666666666666664,
      "std": 11.792653080060767
    },
    "clf_regime_acc_sideways_quiet": {
      "mean": 0.40724827942873054,
      "std": 0.4332486783314213
    },
    "clf_n_sideways_quiet": {
      "mean": 26.571428571428573,
      "std": 19.38949150835011
    },
    "clf_regime_acc_bull_volatile": {
      "mean": 0.07625272331154684,
      "std": 0.0661176074313443
    },
    "clf_n_bull_volatile": {
      "mean": 10.0,
      "std": 6.557438524302
    },
    "clf_regime_acc_bear_quiet": {
      "mean": 0.1,
      "std": 0.14142135623730953
    },
    "clf_n_bear_quiet": {
      "mean": 4.5,
      "std": 0.7071067811865476
    },
    "clf_regime_acc_bear_volatile": {
      "mean": 0.7678571428571428,
      "std": 0.3282995769794685
    },
    "clf_n_bear_volatile": {
      "mean": 28.0,
      "std": 0.0
    },
    "clf_regime_acc_sideways_volatile": {
      "mean": 0.125,
      "std": 0.1767766952966369
    },
    "clf_n_sideways_volatile": {
      "mean": 12.5,
      "std": 12.020815280171307
    }
  },
  "mincer_zarnowitz": {
    "intercept": 0.047462,
    "slope": 0.070537,
    "r2": 0.001702,
    "f_stat": 77.3338,
    "f_pvalue": 0.0,
    "n": 504
  },
  "baseline_metrics": {
    "persistence": {
      "qlike": {
        "mean": -3.760884987364385,
        "std": 3.5467162806168555
      },
      "ql": {
        "mean": 0.3969508707829936,
        "std": 0.35494374256054334
      },
      "mape": {
        "mean": 0.4909013741482271,
        "std": 0.16613469929848018
      },
      "r2": {
        "mean": -7.028953429199848,
        "std": 9.883311170478041
      },
      "bias": {
        "mean": -0.003004655285379048,
        "std": 0.013342646128771632
      },
      "rmse": {
        "mean": 0.03440578390452523,
        "std": 0.040972821424311405
      },
      "n": {
        "mean": 63.0,
        "std": 0.0
      }
    },
    "har_rv": {
      "qlike": {
        "mean": -3.362244661942328,
        "std": 5.526134337549825
      },
      "ql": {
        "mean": 0.3501700197306615,
        "std": 0.46591627039339784
      },
      "mape": {
        "mean": 0.3768749414197511,
        "std": 0.09160228519052344
      },
      "r2": {
        "mean": -2.450218133555216,
        "std": 2.598340582684916
      },
      "bias": {
        "mean": -0.01534842126748145,
        "std": 0.03584238547503231
      },
      "rmse": {
        "mean": 0.030049087085718736,
        "std": 0.040695509050265595
      },
      "n": {
        "mean": 63.0,
        "std": 0.0
      }
    },
    "garch": {
      "qlike": {
        "mean": -3.736523656378016,
        "std": 4.375458792485292
      },
      "ql": {
        "mean": 0.4706922319825452,
        "std": 0.47223944604362605
      },
      "mape": {
        "mean": 0.6039039985451811,
        "std": 0.4884449222694023
      },
      "r2": {
        "mean": -3.5635511241914193,
        "std": 5.511621104358938
      },
      "bias": {
        "mean": -0.008572023412303679,
        "std": 0.04409373643887469
      },
      "rmse": {
        "mean": 0.0341020349062203,
        "std": 0.0409505236823169
      },
      "n": {
        "mean": 63.0,
        "std": 0.0
      }
    },
    "boosting": {
      "qlike": {
        "mean": -3.3726189602647194,
        "std": 5.259937038301076
      },
      "ql": {
        "mean": 0.41607620593079647,
        "std": 0.5242870568396255
      },
      "mape": {
        "mean": 0.4342378403671482,
        "std": 0.25102131436277286
      },
      "r2": {
        "mean": -1.9422624704742328,
        "std": 1.1524684334953375
      },
      "bias": {
        "mean": -0.014803238125955001,
        "std": 0.04057747810251311
      },
      "rmse": {
        "mean": 0.031219210810603464,
        "std": 0.04156305360669385
      },
      "n": {
        "mean": 63.0,
        "std": 0.0
      }
    },
    "deep_ts_lstm": {
      "qlike": {
        "mean": -3.68207125397743,
        "std": 4.419368235538512
      },
      "ql": {
        "mean": 0.4714293534951483,
        "std": 0.444511359815774
      },
      "mape": {
        "mean": 0.6174939196831901,
        "std": 0.41519995443331736
      },
      "r2": {
        "mean": -26.9145330844103,
        "std": 70.8937218421789
      },
      "bias": {
        "mean": -0.007867741639507991,
        "std": 0.04317423146778137
      },
      "rmse": {
        "mean": 0.03477019881964938,
        "std": 0.039874567812836506
      },
      "n": {
        "mean": 63.0,
        "std": 0.0
      }
    },
    "deep_ts_gru": {
      "qlike": {
        "mean": -3.6926681007394304,
        "std": 4.5700694557516925
      },
      "ql": {
        "mean": 0.34715900354081486,
        "std": 0.4060572061577173
      },
      "mape": {
        "mean": 0.42779389528225165,
        "std": 0.17998886984703164
      },
      "r2": {
        "mean": -2.4364404037912366,
        "std": 2.6261604650240873
      },
      "bias": {
        "mean": -0.007330115588858253,
        "std": 0.015155981609619382
      },
      "rmse": {
        "mean": 0.03140377010777078,
        "std": 0.043385181964417874
      },
      "n": {
        "mean": 63.0,
        "std": 0.0
      }
    },
    "deep_ts_tcn": {
      "qlike": {
        "mean": -2.8469504363588127,
        "std": 6.878293668950664
      },
      "ql": {
        "mean": 0.4507214550670998,
        "std": 0.610348614334201
      },
      "mape": {
        "mean": 0.47576611610159003,
        "std": 0.21955560711568894
      },
      "r2": {
        "mean": -3.7465158660198816,
        "std": 6.150117485930187
      },
      "bias": {
        "mean": -0.015997612677349584,
        "std": 0.04251174450606106
      },
      "rmse": {
        "mean": 0.032026929775692006,
        "std": 0.043831096694891304
      },
      "n": {
        "mean": 63.0,
        "std": 0.0
      }
    }
  }
}